{
  "lr_coef": [
    [
      2.166657915123263,
      0.1331555679941447,
      0.43414347531047276,
      2.166657668151517
    ]
  ],
  "lr_intercept": [
    -2.8406322874788694
  ],
  "lr_classes": [
    0,
    1
  ],
  "scaler_mean": [
    0.23847370622434505,
    4.067058575780768,
    0.11564745426570114,
    0.47368421052631576
  ],
  "scaler_scale": [
    0.4220274779347636,
    0.9736076882509456,
    0.1999260428594247,
    0.8502891800738684
  ],
  "tuned_threshold": 0.1
}