{
  "lr_coef": [
    [
      2.152456466734008,
      0.12795693149080697,
      0.4875036094504468,
      2.1523839469874493
    ]
  ],
  "lr_intercept": [
    -2.8469888400822687
  ],
  "lr_classes": [
    0,
    1
  ],
  "scaler_mean": [
    0.23770276527349396,
    4.067058575780768,
    0.09217447142459845,
    3.0812620300995675
  ],
  "scaler_scale": [
    0.42260500456998756,
    0.9736076882509456,
    0.15111812076274725,
    1.6551640656722884
  ],
  "tuned_threshold": 0.1
}