{
  "lr_coef": [
    [
      3.802181019641661,
      0.15495459271421239,
      0.5682211619560185,
      0.0
    ]
  ],
  "lr_intercept": [
    -2.5688538961488048
  ],
  "lr_classes": [
    0,
    1
  ],
  "scaler_mean": [
    0.23831099425748872,
    4.067058575780768,
    0.09217447142459845,
    2.159193277359009
  ],
  "scaler_scale": [
    0.4226805087954138,
    0.9736076882509456,
    0.15111812076274725,
    1.0
  ],
  "tuned_threshold": 0.1
}