{
  "lr_coef": [
    [
      2.16665654603283,
      0.13316769147133017,
      0.43418507039476334,
      2.1666465251392397
    ]
  ],
  "lr_intercept": [
    -2.840571598256623
  ],
  "lr_classes": [
    0,
    1
  ],
  "scaler_mean": [
    0.2383455591968653,
    4.067058575780768,
    0.11564745426570114,
    3.0498197957089075
  ],
  "scaler_scale": [
    0.4221229149350535,
    0.9736076882509456,
    0.1999260428594247,
    1.639364409118335
  ],
  "tuned_threshold": 0.1
}