{
  "lr_coef": [
    [
      2.1666575954174774,
      0.13316491634374905,
      0.434134500412835,
      2.1666717101879995
    ]
  ],
  "lr_intercept": [
    -2.8405979162644845
  ],
  "lr_classes": [
    0,
    1
  ],
  "scaler_mean": [
    0.23872071543867748,
    4.067058575780768,
    0.11564745426570114,
    3.0498197957089075
  ],
  "scaler_scale": [
    0.4220069346350441,
    0.9736076882509456,
    0.1999260428594247,
    1.639364409118335
  ],
  "tuned_threshold": 0.1
}