{
  "mu": 0.5890781428571429,
  "std": 0.051371896357052346
}