{
  "mu": 0.5891833986013987,
  "std": 0.05186700613991558
}